{
    "1plog::era5625/tp": {
        "mean": 0.00010312546510249376,
        "std": 0.0004055481986142695
    },
    "1plog::imerg5625/precipitationcal": {
        "mean": 0.048683226108551025,
        "std": 0.21575742959976196
    },
    "era5625/ciwc_300hPa": {
        "mean": 4.029411684314255e-06,
        "std": 1.9714751033461653e-05
    },
    "era5625/ciwc_500hPa": {
        "mean": 3.892440417985199e-06,
        "std": 1.3066020983387716e-05
    },
    "era5625/ciwc_850hPa": {
        "mean": 1.7111583474616054e-06,
        "std": 5.420844900072552e-06
    },
    "era5625/clwc_300hPa": {
        "mean": 3.145902383039356e-08,
        "std": 2.359818154218374e-06
    },
    "era5625/clwc_500hPa": {
        "mean": 3.6120443382969825e-06,
        "std": 1.864848491095472e-05
    },
    "era5625/clwc_850hPa": {
        "mean": 1.7701739125186577e-05,
        "std": 4.603979687090032e-05
    },
    "era5625/lat2d": {
        "mean": 0.0,
        "std": 51.93614196777344
    },
    "era5625/lon2d": {
        "mean": 177.1875,
        "std": 103.91035461425781
    },
    "era5625/lsm": {
        "mean": 0.3370782732963562,
        "std": 0.459003746509552
    },
    "era5625/orography": {
        "mean": 379.4975891113281,
        "std": 859.8722534179688
    },
    "era5625/q_300hPa": {
        "mean": 0.00013589927402790636,
        "std": 0.00018083321629092097
    },
    "era5625/q_500hPa": {
        "mean": 0.0009118292946368456,
        "std": 0.0011509027099236846
    },
    "era5625/q_850hPa": {
        "mean": 0.00473902840167284,
        "std": 0.004170333035290241
    },
    "era5625/slt": {
        "mean": 0.6792043447494507,
        "std": 1.1688841581344604
    },
    "era5625/sp": {
        "mean": 96647.2734375,
        "std": 9662.501953125
    },
    "era5625/t2m": {
        "mean": 279.39154052734375,
        "std": 21.024553298950195
    },
    "era5625/t_300hPa": {
        "mean": 229.49632263183594,
        "std": 10.80582332611084
    },
    "era5625/t_500hPa": {
        "mean": 253.59103393554688,
        "std": 12.996684074401855
    },
    "era5625/t_850hPa": {
        "mean": 275.28448486328125,
        "std": 15.46550464630127
    },
    "era5625/tp": {
        "mean": 0.00010321472655050457,
        "std": 0.00040673979674465954
    },
    "era5625/z_300hPa": {
        "mean": 89640.09375,
        "std": 5132.85693359375
    },
    "era5625/z_500hPa": {
        "mean": 54243.48828125,
        "std": 3392.837158203125
    },
    "era5625/z_850hPa": {
        "mean": 13771.6240234375,
        "std": 1512.511474609375
    },
    "imerg5625/precipitationcal": {
        "mean": 0.09606033563613892,
        "std": 0.7168794870376587
    },
    "simsat5625/clbt:0": {
        "mean": 236.88621520996094,
        "std": 8.104928970336914
    },
    "simsat5625/clbt:1": {
        "mean": 251.5996551513672,
        "std": 12.920832633972168
    },
    "simsat5625/clbt:2": {
        "mean": 268.940673828125,
        "std": 22.654830932617188
    }
}